{
  "tags": {
    "allowUnknownTags": false
  },
  "source": {
    "include": [
      "./src",
      "./README.md"
    ],
    "includePattern": ".+\\.js$",
    "excludePattern": "(node_modules|doc|theme|types)/"
  },
  "plugins": [
    "plugins/markdown"
  ],
  "opts": {
    "template": "node_modules/docdash",
    "encoding": "utf8",
    "destination": "doc/",
    "recurse": true,
    "verbose": true
  },
  "templates": {
    "cleverLinks": false,
    "monospaceLinks": false,
    "default": {
      "outputSourceFiles": true,
      "includeDate": false
    }
  },
  "docdash": {
    "static": true,
    "sort": true,
    "sectionOrder": [
      "Namespaces",
      "Classes"
    ],
    "meta": {
      "title": "billboard.js API doc",
      "description": "Re-usable, easy interface JavaScript chart library based on D3 v4+",
      "keyword": "chart, SVG, D3, Data Visualization"
    },
    "search": true,
    "typedefs": true,
    "menu":{
      "Examples": {
        "href":"https://naver.github.io/billboard.js/demo/",
        "target":"_blank"
      },
      "GitHub": {
        "href":"https://github.com/naver/billboard.js",
        "target":"_blank"
      }
    }
  }
}